Gender,Age,PB1,PB2,PB3,PB4,PB5,PB6,PB7,PB8,PB9,PB10,PB11,PB12,PB13,PB14,PB15,PB16,PB17,PB18,STOPD11,STOPD21,STOPD31,STOPD41,STOPD51,Vitality1,Vitality2,Vitality3,Vitality,Health,NSNFAF,NSNFAS,NSNFSF,NSNFSS,NSNFCF,NSNFCS
Man,37,51,52,58,56,58,63,65,64,67,66,65,68,70,65,60,65,63,65,65,64,60,61,69,51,56,57,54.67,3,3,3,3,3,3,3
Woman,22,15,56,17,33,7,10,30,82,13,14,94,32,36,70,4,13,77,37,84,14,31,14,56,33,19,48,33.33,2,3,3,2,4,3,4
Man,52,44,66,62,38,77,81,30,46,26,83,42,66,71,30,80,40,21,49,57,37,40,66,53,51,81,53,61.67,3,1,2,2,4,3,4
Man,54,66,81,62,62,67,73,63,69,58,100,65,67,62,67,68,62,65,64,90,75,77,77,72,29,39,37,35.00,2,4,3,3,4,3,3
Man,22,50,3,39,39,100,0,9,72,53,31,34,89,68,62,38,97,19,45,31,51,27,9,82,11,29,7,15.67,2,4,5,3,2,3,3
Man,44,50,61,60,56,47,59,45,45,57,82,70,50,33,73,73,25,50,51,74,73,73,12,60,16,18,40,24.67,1,2,3,3,2,4,2
Man,67,58,58,30,89,35,86,23,73,20,90,21,35,48,66,47,87,44,79,54,19,34,45,32,85,34,40,53.00,2,2,3,3,5,5,5
Man,50,12,31,21,20,12,15,18,21,85,20,29,16,23,25,19,31,32,26,23,20,39,18,19,19,13,49,27.00,2,3,3,3,3,3,3
Woman,30,63,87,100,46,68,79,100,58,77,59,90,66,24,70,50,60,67,41,100,80,70,72,100,30,19,42,30.33,1,3,3,4,4,5,3
Man,35,68,81,56,52,45,61,68,54,19,62,66,58,56,65,79,27,67,55,21,61,54,43,53,39,50,54,47.67,4,5,3,4,4,1,3
Woman,43,81,26,100,100,100,100,100,100,100,100,100,99,72,91,77,100,66,68,71,66,79,80,64,89,83,81,84.33,3,4,3,4,4,2,2
Man,32,50,49,60,61,100,61,100,60,40,50,50,99,40,41,10,50,20,3,100,100,100,100,9,51,21,22,31.33,1,3,3,3,3,5,1
Woman,30,96,59,91,48,45,100,76,51,86,23,53,71,34,82,51,69,32,83,69,29,78,75,49,66,82,66,71.33,2,3,2,4,2,4,2
Woman,28,39,93,83,13,54,92,26,63,3,62,37,42,85,47,90,91,9,10,45,89,100,40,92,21,28,52,33.67,2,3,3,1,5,4,1
Man,46,69,14,52,83,22,85,50,62,35,77,71,68,34,81,36,89,46,NA,51,50,43,43,48,49,62,92,67.67,2,3,2,3,2,3,2
Woman,56,77,21,67,32,39,93,23,78,21,59,83,29,87,52,71,81,62,42,19,27,50,15,20,69,73,74,72.00,3,3,5,3,4,2,4
Woman,26,69,75,77,88,74,80,77,79,54,78,87,68,75,82,72,81,88,75,62,60,76,41,34,55,61,60,58.67,3,2,3,2,2,3,5
Woman,48,73,19,86,79,72,32,25,70,22,76,25,70,50,67,79,65,26,18,96,93,70,93,32,17,55,26,32.67,1,1,4,2,5,2,2
Man,NA,65,52,54,75,82,47,63,56,51,74,59,48,63,44,39,50,41,50,53,57,53,54,62,47,43,45,45.00,3,2,2,3,2,3,2
Woman,29,60,0,50,70,40,100,100,50,0,70,50,80,40,100,50,50,0,30,60,50,80,40,0,80,50,30,53.33,3,2,1,1,5,5,3
Man,27,91,70,70,93,86,62,79,90,72,75,79,88,72,65,76,86,48,66,62,77,58,88,70,74,46,54,58.00,3,3,5,3,4,3,4
Woman,38,58,NA,43,82,42,26,85,36,71,53,68,60,54,63,49,56,29,39,86,76,100,51,37,37,46,43,42.00,1,4,3,4,5,4,3
Man,56,70,NA,29,30,41,10,41,31,40,62,61,NA,62,20,60,31,NA,53,60,10,42,39,72,62,62,40,54.67,2,3,2,3,2,3,3
Woman,25,44,64,54,61,83,29,63,29,58,27,21,22,22,40,18,36,18,32,89,73,68,18,73,33,26,29,29.33,2,1,1,2,1,3,2
Woman,59,60,3,66,45,72,44,58,60,53,51,52,61,56,50,52,57,58,49,48,58,42,57,52,48,49,46,47.67,1,1,3,5,2,5,4
Woman,53,52,0,50,50,38,39,78,40,100,54,49,100,52,13,11,50,100,100,100,100,100,11,100,2,2,3,2.33,2,3,3,5,1,3,3
Man,40,80,0,80,50,0,100,0,100,10,90,90,0,80,50,90,70,0,20,20,1,10,0,0,80,90,80,83.33,3,1,4,1,5,1,4
Woman,26,48,26,60,20,69,58,50,71,32,40,69,24,63,53,47,45,6,19,22,25,63,22,49,38,26,54,39.33,2,3,4,3,3,3,3
Woman,48,71,0,52,26,2,76,7,24,0,70,62,0,13,0,71,50,60,0,0,0,NA,NA,NA,42,0,44,28.67,3,1,2,1,4,2,3
Man,40,95,24,36,36,81,60,64,61,63,69,46,44,51,41,41,56,72,39,49,41,60,64,64,42,63,57,54.00,4,3,3,3,3,4,3
Man,31,51,0,68,20,39,70,21,63,63,72,62,16,64,16,58,73,12,55,5,23,48,0,42,51,57,73,60.33,3,2,1,2,5,2,4
Man,18,77,48,56,71,27,95,41,54,43,52,83,69,54,60,30,73,32,81,48,52,80,100,88,61,90,100,83.67,3,2,3,1,5,3,4
Woman,59,100,NA,100,100,NA,100,NA,100,NA,100,100,NA,NA,NA,NA,100,NA,NA,0,0,0,0,0,100,100,100,100.00,5,2,2,1,4,1,4
Woman,34,65,95,76,43,45,74,85,58,88,50,39,69,42,71,77,73,18,30,34,23,61,26,71,60,58,47,55.00,3,2,4,3,3,3,3
Woman,48,1,1,1,1,1,1,1,1,1,1,1,1,1,1,1,1,1,1,1,1,1,1,1,81,81,89,83.67,3,1,4,1,3,1,1
Man,34,38,51,51,55,65,53,78,68,66,66,68,59,63,62,65,59,60,55,65,65,67,71,73,59,46,45,50.00,5,3,3,2,3,3,3
Man,18,48,27,51,0,0,100,36,79,49,49,48,6,64,15,47,71,71,44,49,50,60,47,28,49,60,50,53.00,3,3,4,2,5,2,3
Man,39,42,33,31,23,31,58,40,25,39,33,46,12,67,25,18,57,14,59,27,13,46,10,47,22,38,57,39.00,2,1,2,2,3,3,1
Woman,34,52,NA,9,NA,73,34,NA,0,53,30,NA,NA,2,NA,NA,2,NA,74,65,18,84,30,80,3,4,25,10.67,2,2,1,3,3,1,4
Man,57,18,0,19,50,51,61,61,72,81,71,71,71,61,81,51,72,0,40,81,82,91,9,82,8,0,9,5.67,1,4,2,5,2,3,2
Man,48,59,19,66,14,25,78,29,65,27,68,63,12,81,20,57,76,6,10,45,9,8,31,4,76,68,70,71.33,3,2,3,2,3,1,4
Man,43,40,100,89,1,1,100,8,100,39,61,70,30,62,25,100,70,48,44,1,1,3,24,1,71,71,51,64.33,4,2,4,2,4,1,5
Man,20,96,85,100,41,7,100,70,100,100,78,46,73,61,42,52,70,74,66,1,25,80,7,1,66,48,27,47.00,2,2,4,2,3,1,3
Man,28,35,0,30,100,100,100,67,41,0,79,15,73,34,49,63,100,16,83,60,84,38,0,21,74,37,0,37.00,2,5,3,5,3,3,3
Man,53,40,9,61,40,0,50,40,62,61,49,5,70,20,39,40,70,5,41,61,61,40,39,71,30,50,38,39.33,4,2,2,2,4,4,3
Woman,52,47,5,83,100,100,48,25,43,12,84,33,7,72,44,67,80,13,73,26,27,45,53,30,79,78,86,81.00,3,1,4,3,5,2,3
Man,42,40,10,100,50,37,100,2,100,50,2,60,1,100,80,51,50,1,51,100,100,2,27,2,100,100,21,73.67,1,1,4,3,3,2,3
Woman,26,100,100,100,99,86,96,71,98,98,97,93,100,100,98,96,96,93,93,30,24,52,26,9,100,100,100,100.00,2,1,1,4,3,3,2
Woman,58,99,8,98,5,7,51,7,100,49,100,50,5,98,4,100,90,9,5,5,4,18,10,29,81,81,82,81.33,3,1,4,1,5,1,5
Man,67,73,82,81,83,81,83,51,83,82,70,77,51,81,80,70,82,40,41,13,34,22,40,24,81,63,72,72.00,2,3,3,3,4,3,1
Woman,45,100,50,82,10,0,100,50,94,0,92,100,9,82,50,0,100,60,50,51,0,50,30,92,92,19,60,57.00,4,1,5,4,2,3,4
Man,29,42,78,52,100,38,33,65,33,51,35,21,75,19,40,26,24,69,54,66,31,12,13,19,66,67,39,57.33,2,3,3,4,3,2,3
Woman,40,100,100,100,100,83,93,86,54,30,100,96,75,57,95,83,100,100,100,100,100,100,34,100,100,100,100,100.00,2,5,5,4,3,3,3
Man,21,100,5,28,0,4,100,9,100,100,100,100,36,100,17,100,100,9,33,8,14,15,16,11,89,56,84,76.33,4,2,4,1,3,1,5
Man,53,58,29,44,47,41,51,46,34,42,45,54,39,49,35,49,38,58,53,30,38,32,27,50,47,40,54,47.00,3,3,3,3,3,3,3
Man,26,73,41,51,71,35,60,75,50,52,34,73,63,80,49,92,71,55,51,62,67,76,40,58,81,57,62,66.67,3,3,4,3,3,4,3
Man,33,100,100,100,100,100,100,100,100,100,100,100,100,100,100,100,100,100,100,100,100,100,100,100,100,100,100,100.00,3,5,5,5,5,5,4
Annat,75,77,10,100,83,38,100,12,2,62,70,84,39,92,63,100,76,20,18,1,2,2,12,31,50,63,63,58.67,2,3,5,3,4,3,4
Man,21,23,32,45,25,49,36,62,42,33,47,51,31,60,66,100,59,84,66,0,15,60,47,53,11,63,54,42.67,3,2,3,2,2,2,2
Man,32,85,0,50,90,90,51,0,0,100,0,5,80,50,100,50,50,50,100,75,100,100,100,100,15,65,0,26.67,1,5,3,5,3,5,1
Woman,29,79,6,58,72,49,25,77,65,65,63,52,48,90,84,65,74,65,65,38,47,59,33,50,61,31,38,43.33,2,2,2,3,3,1,2
Woman,48,87,94,33,79,80,14,77,33,84,25,29,77,33,75,36,15,14,19,91,92,96,48,48,17,29,18,21.33,2,4,2,5,2,2,2
Man,28,35,47,54,58,72,91,61,74,52,61,59,58,57,54,61,63,52,55,58,74,72,72,31,64,61,69,64.67,2,1,3,3,3,3,2
Woman,21,33,85,56,63,100,13,100,19,79,37,31,25,57,100,12,24,62,100,21,100,100,31,100,15,2,8,8.33,3,3,2,5,4,4,3
Man,32,62,10,68,14,30,23,48,31,27,91,84,63,45,33,43,43,41,66,9,16,20,21,23,62,59,51,57.33,2,4,2,4,3,2,1
Man,34,14,27,37,57,59,32,27,52,45,29,100,74,33,50,57,25,96,43,59,23,35,69,94,68,31,72,57.00,1,2,3,4,4,3,4
Man,36,14,6,5,13,9,18,36,71,7,46,38,6,26,15,20,24,1,8,3,3,56,7,3,70,74,74,72.67,3,1,3,1,4,1,4
Woman,45,46,47,57,59,62,61,63,56,36,51,56,58,60,58,59,55,55,57,51,55,57,57,52,44,73,55,57.33,3,3,3,3,3,3,3
Woman,31,57,48,46,53,61,37,38,54,95,46,60,60,51,26,60,64,54,64,79,48,54,50,43,56,34,59,49.67,2,3,3,4,3,4,3
Woman,41,43,19,74,48,41,74,43,75,82,74,37,56,48,32,77,63,2,35,73,74,75,72,79,24,29,17,23.33,2,4,2,3,3,3,2
Woman,25,69,28,77,65,25,89,66,54,64,83,86,74,36,62,49,83,51,85,30,32,55,52,88,91,47,64,67.33,2,2,2,4,3,5,1
Man,18,100,60,100,19,0,100,50,100,21,100,100,48,100,38,100,100,50,100,50,76,50,76,0,100,100,100,100.00,3,2,1,1,4,2,3
Man,33,48,4,51,32,77,84,64,52,81,86,72,7,78,71,84,82,6,10,77,77,82,71,55,86,64,48,66.00,2,3,2,2,4,2,3
Woman,19,7,0,7,0,0,0,36,64,0,78,44,34,74,0,15,16,0,0,12,25,33,9,0,12,0,0,4.00,2,1,1,1,1,1,1
Man,27,60,60,50,74,48,76,52,75,68,72,73,70,61,75,59,66,70,60,65,65,52,73,62,58,80,64,67.33,5,4,2,3,3,4,3
Man,43,75,55,34,63,79,70,59,46,73,87,71,56,78,80,62,58,68,77,66,81,86,74,67,71,86,77,78.00,4,2,3,2,2,3,2
Man,NA,40,68,42,65,37,67,59,86,81,56,56,83,59,54,79,51,81,67,64,46,23,84,47,40,67,48,51.67,4,3,4,2,4,3,3
Woman,34,79,54,84,85,84,65,81,28,95,48,30,83,62,87,77,54,40,85,98,86,100,82,84,22,21,50,31.00,3,4,2,5,2,4,2
Man,37,78,63,58,63,53,87,80,68,45,41,80,79,74,78,46,55,82,30,52,81,82,86,84,30,39,29,32.67,2,3,3,4,3,4,4
Man,65,100,3,100,18,90,100,1,100,3,100,100,3,100,2,100,100,3,72,2,4,4,4,3,91,100,100,97.00,2,1,5,1,5,1,5
Man,23,91,76,54,85,65,87,100,93,100,60,98,73,68,84,93,66,84,79,23,31,52,40,7,94,74,100,89.33,5,3,4,4,4,3,5
Man,27,43,27,66,40,69,35,67,22,67,43,67,27,65,34,57,46,54,21,37,55,54,27,78,57,31,71,53.00,2,2,4,3,5,3,2
Man,39,78,57,56,65,20,72,79,86,75,86,71,84,71,64,84,75,6,46,79,69,68,52,57,36,43,50,43.00,3,4,3,4,4,3,4
Man,26,72,23,21,14,25,59,20,15,50,40,62,24,31,36,22,33,28,27,44,26,30,26,30,30,33,39,34.00,2,2,3,3,2,2,1
Man,28,0,0,NA,23,NA,58,NA,24,22,33,68,22,32,51,23,21,33,14,23,33,14,22,22,32,18,15,21.67,2,3,1,2,3,4,4
Woman,65,50,100,100,100,100,31,100,32,73,79,17,100,17,20,2,8,7,100,100,100,100,85,100,12,4,0,5.33,1,4,2,3,3,4,2
Woman,35,42,80,45,84,21,30,100,39,100,20,14,0,25,80,50,10,29,10,100,100,80,50,100,10,34,5,16.33,1,4,3,4,2,5,2
Man,25,71,68,68,50,89,65,67,77,63,76,73,67,69,52,39,40,47,60,53,77,87,56,54,75,58,66,66.33,2,2,3,5,3,3,4
Woman,39,70,30,91,27,61,29,71,58,78,80,59,21,62,68,59,72,47,37,39,68,72,31,37,36,15,20,23.67,2,2,4,3,4,2,3
Woman,25,50,0,29,2,4,20,4,37,60,49,65,8,50,21,78,80,0,0,29,50,80,33,51,80,50,58,62.67,2,3,2,3,3,3,3
Woman,41,43,32,56,36,54,66,66,48,54,44,42,62,58,60,62,53,63,65,56,75,58,58,71,64,56,73,64.33,1,3,4,4,4,4,4
Man,27,70,36,62,98,100,84,73,69,81,71,68,70,72,78,74,69,77,78,71,87,100,12,18,25,27,63,38.33,1,4,3,1,4,4,3
Man,24,60,18,67,50,24,80,22,81,87,23,60,27,76,57,30,78,76,51,34,62,53,21,63,89,42,43,58.00,3,3,3,1,1,2,4
Woman,51,50,58,100,0,25,70,NA,100,100,100,50,NA,79,NA,100,100,NA,NA,100,100,100,100,NA,NA,NA,NA,#DIV/0!,2,1,4,1,5,1,5
Man,28,69,0,61,30,16,75,45,29,8,59,68,16,64,9,77,13,4,8,8,39,7,20,75,40,40,61,47.00,3,2,4,3,4,3,4
Woman,62,79,17,21,76,14,95,44,48,37,49,53,52,54,37,37,54,27,50,19,11,29,12,24,17,56,48,40.33,3,2,3,3,4,3,4
Man,40,70,50,75,25,70,80,80,75,85,65,70,65,70,70,65,75,25,65,40,30,30,40,50,80,80,70,76.67,4,4,3,4,3,3,2
Man,28,74,43,68,42,55,40,62,41,85,58,59,83,70,51,65,55,11,50,59,60,83,40,38,39,36,49,41.33,3,3,3,2,3,4,2
Woman,19,53,0,39,7,50,0,5,10,0,14,34,0,39,0,62,62,100,93,50,66,45,10,20,61,36,15,37.33,3,2,3,3,3,3,3
Woman,32,55,6,76,85,19,39,100,60,100,76,59,95,61,85,72,79,64,92,36,100,96,5,100,39,12,38,29.67,2,4,4,4,3,4,3
Man,33,95,0,50,0,100,100,20,100,10,90,90,5,100,0,100,100,0,0,0,0,0,5,60,80,85,90,85.00,4,1,5,2,3,1,5
Man,36,90,96,62,61,66,59,37,42,61,52,56,37,61,80,91,54,34,50,46,43,66,41,37,58,36,45,46.33,2,2,3,1,4,4,4
Woman,20,84,52,70,66,62,34,86,47,16,6,63,34,81,43,89,68,15,22,91,84,84,88,19,41,15,44,33.33,1,4,4,4,2,4,2
Man,25,39,0,56,57,61,82,81,73,66,65,76,68,61,68,67,73,2,69,15,8,9,13,18,45,72,76,64.33,3,3,2,4,3,3,3
Woman,49,100,25,100,100,100,26,100,51,100,34,7,100,11,100,100,8,100,100,100,100,100,43,100,4,1,2,2.33,1,4,1,4,4,5,1
Woman,19,81,74,50,50,75,27,37,72,38,95,52,39,39,44,43,64,61,18,37,36,33,76,57,50,57,71,59.33,2,2,3,4,4,3,2
Woman,41,40,50,50,70,50,50,70,50,40,50,50,80,50,50,50,50,50,80,50,80,70,50,100,20,10,10,13.33,1,3,3,3,3,3,1
Man,46,75,7,0,0,0,0,0,0,0,0,0,0,0,0,0,0,0,0,0,0,0,0,0,0,0,0,0.00,1,3,3,3,3,3,3
Man,56,72,72,70,43,55,51,57,70,68,65,59,21,62,31,50,63,8,78,17,10,75,16,21,65,74,77,72.00,4,3,3,3,3,4,4
Woman,37,53,23,42,46,57,37,68,58,64,55,55,64,66,58,62,49,51,60,62,58,63,56,51,63,54,61,59.33,2,2,5,3,2,2,2
Woman,67,77,9,48,19,18,89,36,68,41,40,84,41,53,23,18,45,4,13,2,2,16,2,28,66,58,56,60.00,3,2,4,3,3,2,3
Man,33,20,32,30,28,30,55,40,52,46,46,40,54,50,50,42,46,74,51,41,49,67,39,43,33,28,30,30.33,3,3,3,2,3,3,2
Man,27,100,11,100,8,5,100,6,100,50,100,94,50,84,6,6,78,6,9,5,6,8,11,15,100,99,100,99.67,5,1,3,3,2,4,4
Man,30,81,50,80,34,8,100,83,86,42,84,83,49,100,63,79,97,26,65,45,40,75,60,55,80,69,61,70.00,2,3,4,3,1,2,4
Man,28,92,49,89,36,0,100,46,60,51,100,49,14,77,33,100,100,85,100,3,11,6,8,14,38,60,68,55.33,4,3,4,2,3,3,4
Man,26,60,30,31,11,10,80,23,100,40,81,52,12,100,11,100,100,21,19,20,20,39,28,21,80,82,71,77.67,2,2,5,1,5,1,5
Man,40,100,52,54,100,27,100,84,100,90,70,57,100,77,51,42,100,73,77,53,51,69,24,34,72,77,82,77.00,3,3,5,4,5,4,5
Man,68,50,50,50,50,50,50,50,50,50,50,50,50,50,50,50,50,50,50,0,1,5,0,3,12,17,15,14.67,2,1,5,1,4,1,3
Man,32,35,43,49,44,54,55,61,49,58,45,58,49,53,52,51,64,53,53,59,44,52,60,54,45,44,43,44.00,3,3,3,2,3,2,2
Man,75,100,1,50,1,52,69,12,71,1,99,61,1,97,20,12,92,1,1,1,1,1,14,29,51,99,99,83.00,4,1,5,3,3,1,5
Woman,62,80,0,100,0,0,100,70,100,30,100,30,34,100,0,70,100,30,25,20,70,60,25,40,60,60,50,56.67,2,1,5,1,5,1,3
Woman,23,100,0,96,6,1,92,45,86,25,53,56,100,93,12,NA,NA,NA,NA,NA,NA,NA,NA,NA,79,54,24,52.33,4,2,3,2,3,4,2
Woman,39,100,77,100,2,0,100,30,82,92,83,88,3,82,19,100,100,3,10,22,22,33,18,81,70,75,78,74.33,2,2,4,1,1,1,4
Woman,57,76,15,19,20,27,39,23,64,17,33,68,22,48,25,70,77,11,13,8,6,9,9,9,56,58,80,64.67,2,2,4,2,4,2,4
Woman,23,94,3,85,3,8,90,13,84,78,84,76,6,83,6,75,85,8,0,39,44,75,44,6,84,91,88,87.67,4,3,3,2,4,3,3
Woman,32,60,2,76,12,40,82,53,82,100,61,71,85,70,53,87,33,71,59,55,64,79,46,71,100,35,42,59.00,2,5,2,3,3,3,5
Woman,24,41,NA,53,NA,8,4,8,52,21,24,26,24,27,68,34,21,30,49,38,48,78,51,47,27,8,7,14.00,3,5,2,4,1,5,2
Woman,43,62,4,62,41,51,29,60,61,47,68,55,22,23,26,25,19,30,24,20,88,86,96,78,29,38,39,35.33,1,2,3,3,4,4,3
Woman,42,25,19,56,77,81,21,93,67,91,40,24,89,18,100,60,49,16,88,91,100,100,70,93,38,16,21,25.00,3,4,1,5,2,3,3
Woman,44,36,0,17,31,61,39,78,29,65,100,27,65,29,9,67,43,24,8,47,26,93,69,10,29,15,40,28.00,2,2,1,3,3,5,4
Man,62,83,29,77,15,17,83,90,88,24,86,79,21,87,21,83,82,19,25,2,2,2,2,2,85,84,83,84.00,4,3,4,3,4,3,4
Woman,25,18,55,80,90,42,39,66,33,50,50,65,59,60,36,55,52,84,63,76,62,100,76,19,73,27,46,48.67,2,4,3,4,3,2,3
Woman,41,81,33,93,85,95,87,97,88,18,83,93,85,79,91,88,84,83,88,36,37,37,0,4,73,88,81,80.67,5,2,4,3,3,4,3
Man,22,100,NA,50,80,82,43,78,45,85,91,22,88,27,100,83,52,NA,100,NA,20,18,36,0,100,100,100,100.00,1,1,5,5,2,1,2
Woman,22,71,87,96,68,48,68,77,57,72,74,68,74,89,100,72,79,66,100,70,40,100,15,70,18,7,28,17.67,2,3,3,3,4,4,3
Woman,67,48,5,1,16,1,21,1,20,2,10,2,2,10,0,2,20,1,1,2,3,3,8,0,70,39,55,54.67,2,1,4,1,5,2,4
Woman,25,100,23,100,100,7,65,96,100,73,100,100,41,100,55,100,100,39,100,84,88,100,36,69,84,42,26,50.67,1,4,2,4,3,2,5
Man,39,70,71,73,72,10,62,74,62,60,77,73,71,66,73,79,71,72,74,74,76,58,61,64,63,72,73,69.33,2,3,3,3,3,3,3
Man,27,81,9,50,3,2,100,3,100,7,91,100,1,100,2,54,100,2,3,2,2,2,2,2,92,98,95,95.00,5,3,4,1,3,1,5
Woman,20,100,3,4,5,8,13,9,11,12,7,8,7,8,11,10,9,8,11,4,6,6,6,8,10,10,9,9.67,2,1,1,1,1,1,1
Man,47,62,11,23,24,63,15,55,49,84,35,49,9,53,12,24,15,14,16,14,53,58,42,32,31,61,26,39.33,2,4,2,3,4,3,3
Man,46,57,53,71,69,55,79,79,69,59,67,70,33,73,68,81,80,35,59,52,38,59,71,61,58,59,58,58.33,2,3,4,2,4,3,3
Woman,58,66,12,45,8,20,74,18,83,100,70,68,19,63,8,55,51,2,NA,39,0,39,46,0,100,100,75,91.67,5,3,3,1,5,1,3
Man,51,0,0,0,0,0,0,0,0,100,100,100,85,71,77,82,NA,86,66,NA,88,NA,NA,NA,39,75,56,56.67,1,1,1,1,1,1,1
Woman,46,81,15,80,20,21,60,15,69,38,82,39,39,84,15,49,62,16,17,10,5,6,27,7,50,41,60,50.33,3,2,4,2,4,3,4
Man,36,69,16,64,46,67,64,54,58,62,63,59,55,67,70,71,73,69,67,94,81,83,87,75,79,83,67,76.33,3,3,4,4,4,4,3
Man,58,100,100,98,100,98,100,100,100,100,100,100,100,100,100,96,100,100,99,100,99,100,100,100,100,100,99,99.67,3,3,3,3,3,3,2
Man,19,30,6,19,13,20,3,25,32,28,42,59,56,29,65,36,7,27,50,26,18,49,58,43,11,18,30,19.67,2,3,3,2,3,3,2
Woman,31,50,0,50,70,50,50,100,70,100,50,50,50,50,100,50,50,0,100,100,100,100,50,50,0,0,0,0.00,1,3,1,4,3,4,2
Man,23,69,26,80,20,91,90,52,22,86,69,53,68,67,38,80,92,44,13,78,91,41,15,54,82,90,90,87.33,4,2,4,3,3,4,4
Woman,44,52,7,43,89,50,100,94,100,72,95,14,72,6,12,10,79,9,100,88,86,93,87,100,18,19,7,14.67,2,4,1,5,2,4,2
Woman,54,60,40,100,100,69,70,81,100,39,65,75,74,77,60,100,100,66,2,81,45,100,83,2,82,2,55,46.33,3,2,4,3,4,2,3
Woman,46,26,22,31,58,44,54,51,39,38,42,41,33,40,33,30,31,17,33,32,37,40,39,44,26,38,47,37.00,2,3,3,3,2,4,2
Woman,23,18,69,16,58,40,44,72,34,40,43,68,34,67,53,85,46,62,15,15,27,23,39,34,28,67,31,42.00,3,3,2,4,3,2,2
Man,18,50,0,NA,18,42,72,42,36,0,56,19,24,42,NA,NA,NA,0,NA,7,9,15,20,13,15,15,21,17.00,3,4,5,4,4,2,2
Woman,55,61,79,77,54,89,65,97,81,100,64,30,87,32,93,46,22,29,74,86,86,73,32,68,56,39,34,43.00,2,4,1,4,2,4,2
Woman,34,6,100,50,100,100,50,100,50,79,50,30,100,0,100,10,50,100,100,100,100,100,100,100,50,1,10,20.33,1,5,1,5,1,5,2
Woman,58,100,100,100,23,8,90,8,67,87,59,13,14,66,10,4,71,26,6,3,2,10,2,2,37,2,3,14.00,2,1,4,3,2,2,5
Man,47,86,85,89,75,85,89,87,89,87,84,91,89,87,88,92,88,92,85,88,91,94,90,91,90,90,92,90.67,3,5,4,3,4,4,5
Woman,31,61,14,100,97,92,26,93,83,65,42,22,93,38,47,16,85,25,22,42,45,81,42,50,51,52,61,54.67,4,3,2,3,3,4,4
Woman,23,76,18,100,36,3,99,24,31,56,63,73,82,87,92,94,96,97,99,38,54,16,62,58,15,99,55,56.33,3,4,2,3,4,2,1
Woman,33,50,0,70,5,51,49,10,80,80,91,10,71,70,20,4,80,0,20,60,10,30,9,30,50,19,61,43.33,2,4,2,3,4,2,3
Woman,45,86,7,34,14,2,9,50,84,5,53,68,30,60,50,73,79,48,10,54,56,87,29,21,10,9,11,10.00,2,3,1,2,4,3,4
Man,18,72,67,85,63,79,67,80,65,72,84,77,75,81,72,79,74,64,68,72,70,74,74,74,67,75,72,71.33,2,3,3,2,3,4,3
Woman,36,60,0,50,70,70,40,70,80,80,70,20,70,60,70,20,60,10,20,70,50,30,40,20,60,50,60,56.67,3,3,3,3,3,2,4
Woman,57,78,15,19,5,8,100,40,34,27,27,22,17,54,3,74,74,5,29,5,7,8,7,8,47,47,56,50.00,3,1,4,1,3,3,3
Woman,20,70,33,87,31,49,25,74,59,67,28,100,66,26,55,35,21,92,62,80,100,100,74,31,27,3,4,11.33,1,4,3,3,4,2,4
Man,50,83,97,80,93,88,85,90,77,83,77,84,77,83,73,78,82,76,82,71,81,79,82,78,56,37,47,46.67,3,2,4,3,3,3,2
Man,61,50,70,100,80,90,60,100,80,100,80,5,70,10,80,5,10,50,90,100,95,100,100,95,5,10,5,6.67,1,5,1,5,1,2,4
Woman,56,61,92,82,100,96,63,86,9,74,22,55,49,50,95,7,9,75,68,97,100,100,79,100,12,12,13,12.33,2,3,2,5,2,4,4
Woman,37,41,25,38,21,18,19,18,78,72,34,77,56,50,36,47,59,48,46,19,16,67,15,21,38,17,23,26.00,3,3,3,3,3,2,3
Man,68,50,50,50,50,60,60,40,50,30,50,60,40,50,40,50,50,20,50,50,50,20,15,50,50,80,50,60.00,2,2,2,2,2,2,2
Man,32,91,25,66,76,31,82,14,64,60,86,88,27,83,87,71,52,69,18,6,6,20,5,0,62,53,72,62.33,4,1,4,1,5,1,5
Man,25,55,35,29,13,12,13,12,17,3,1,12,10,22,42,13,17,23,5,31,14,14,9,12,19,23,32,24.67,5,5,3,2,1,1,2
Man,45,62,28,57,51,57,42,62,65,40,75,44,71,35,40,51,63,19,22,23,28,35,21,37,27,55,49,43.67,3,3,2,3,1,3,5
Man,75,40,53,40,32,34,52,42,33,43,31,48,42,52,57,69,23,17,46,47,35,50,52,19,89,23,50,54.00,1,3,4,5,3,5,4
Man,23,75,20,40,30,68,80,20,79,54,29,71,60,62,10,44,53,10,47,5,13,26,8,4,72,79,60,70.33,4,5,4,4,3,5,4
Man,35,51,98,64,60,72,24,75,50,48,56,49,98,36,54,19,48,100,38,93,80,86,100,42,42,33,28,34.33,2,3,4,5,3,4,4
Man,22,100,22,76,31,12,40,23,82,50,84,61,6,70,10,53,45,5,4,2,0,3,7,2,100,100,84,94.67,5,1,4,1,4,1,5
Woman,31,70,11,77,0,0,100,25,100,15,86,100,10,63,41,100,100,17,7,11,5,26,35,4,78,80,65,74.33,4,1,5,1,5,1,5
Woman,39,90,0,87,4,4,9,83,90,91,93,82,87,92,94,89,99,0,85,95,93,97,93,96,55,5,11,23.67,3,3,3,3,3,3,3
Woman,70,59,3,48,1,1,71,1,50,46,47,41,2,61,2,54,40,1,2,0,0,0,0,0,52,41,56,49.67,5,1,4,1,3,2,3
Woman,37,80,60,80,70,30,50,50,70,70,70,60,40,50,30,30,60,50,20,10,10,20,10,10,69,40,59,56.00,3,1,4,2,4,1,3
Man,40,70,75,49,54,84,71,83,100,100,56,42,91,16,100,100,30,46,48,67,58,65,72,50,67,77,71,71.67,4,4,3,3,4,4,3
Man,24,19,27,35,26,37,41,36,40,45,27,39,21,33,28,41,29,19,32,22,45,19,21,35,21,1,1,7.67,2,3,3,2,3,4,3
Man,62,34,1,90,30,30,22,59,62,53,52,62,20,41,13,54,45,14,27,38,41,14,15,76,91,71,81,81.00,2,4,4,5,4,5,2
Man,32,79,72,61,81,46,80,19,91,70,70,35,60,34,67,45,77,48,71,87,86,63,44,63,86,72,69,75.67,2,4,2,2,4,3,2
Man,29,68,71,75,57,52,59,66,55,49,55,64,64,69,70,62,65,64,63,54,51,53,54,61,53,52,49,51.33,5,5,5,5,5,5,5
Woman,60,80,0,90,100,50,0,100,50,100,50,0,20,0,90,100,10,90,0,100,80,70,80,100,0,0,0,0.00,1,3,3,4,3,5,3
Woman,32,51,62,82,69,72,64,75,64,65,73,73,36,58,88,23,58,13,60,41,69,100,32,58,63,26,40,43.00,2,3,4,5,5,5,5
Man,28,29,NA,30,43,32,12,22,35,49,99,35,24,43,40,37,43,NA,44,10,13,13,12,18,99,44,58,67.00,3,3,3,3,3,3,3
Man,32,83,6,80,2,8,100,5,100,12,100,71,10,68,96,100,78,19,11,9,11,42,38,26,100,55,59,71.33,3,3,3,4,3,4,3
Woman,41,100,100,77,90,15,49,46,100,100,78,70,80,23,57,71,42,57,56,76,94,100,100,93,75,89,75,79.67,4,5,2,3,3,5,3
Woman,43,88,88,100,61,13,77,26,48,47,59,88,32,46,54,48,83,0,40,16,0,2,3,3,59,70,85,71.33,2,3,3,3,3,3,3
Man,25,52,51,85,54,35,36,65,55,65,52,56,49,65,39,60,58,32,52,40,51,21,27,19,38,42,73,51.00,3,3,3,3,4,2,3
Woman,29,100,0,80,80,80,30,90,70,20,30,50,50,90,80,41,30,50,50,20,50,20,10,20,50,90,90,76.67,3,4,2,3,3,3,3
Woman,38,0,NA,7,0,0,0,0,4,0,43,9,9,8,0,8,17,0,NA,3,0,0,0,0,20,16,55,30.33,2,4,2,3,4,3,4
Woman,22,28,18,40,29,30,47,47,19,61,66,35,45,29,29,37,34,39,53,31,28,41,20,54,15,37,27,26.33,3,3,5,5,4,2,4
Man,72,65,17,34,9,9,100,9,80,91,90,87,15,82,17,28,90,65,7,0,0,0,0,0,63,63,85,70.33,2,1,5,1,5,1,4
Woman,43,61,7,76,4,0,88,85,94,100,57,7,10,84,85,66,75,5,39,29,23,100,67,4,75,75,83,77.67,4,1,4,3,5,1,4
Man,59,70,2,84,1,1,91,1,72,5,80,81,1,81,1,40,82,1,1,1,1,12,9,8,72,70,70,70.67,2,1,4,1,3,1,4
Woman,NA,36,83,69,100,77,48,92,51,71,61,62,30,79,61,65,32,79,54,100,100,77,60,38,21,36,24,27.00,1,4,2,5,4,5,5
Woman,43,50,10,40,50,40,65,41,51,100,33,36,26,64,33,31,40,57,29,100,96,99,88,72,34,38,36,36.00,2,3,3,3,3,3,3
Man,27,62,33,71,76,64,51,74,54,97,44,79,68,63,53,37,67,73,48,100,100,95,93,99,15,31,10,18.67,1,4,3,3,1,1,1
Woman,35,66,3,30,57,15,50,22,42,27,20,35,82,68,85,31,51,45,39,100,93,91,100,98,28,18,15,20.33,2,5,1,4,2,2,4
Woman,48,65,3,5,2,4,42,2,21,25,27,19,2,23,7,15,11,3,9,0,13,19,12,12,17,16,20,17.67,1,5,2,3,4,3,4
Man,52,69,1,100,0,60,77,0,100,0,100,100,0,100,0,0,100,0,0,0,0,0,0,0,100,0,58,52.67,4,1,1,1,3,4,3
Woman,26,100,0,100,51,5,100,40,100,28,57,70,10,100,40,100,100,5,5,28,53,86,2,82,75,94,82,83.67,2,5,3,5,3,4,3
Man,61,1,61,100,100,100,30,100,29,82,82,8,100,1,100,19,39,100,61,100,72,40,73,51,40,10,11,20.33,1,1,3,4,4,4,3
Woman,37,95,58,34,29,84,82,18,71,85,70,78,77,91,86,80,89,25,67,55,70,100,51,76,73,61,78,70.67,3,5,5,4,3,4,2
Woman,30,60,30,63,11,10,76,52,96,92,100,100,19,51,45,70,85,16,13,66,51,94,34,55,76,64,63,67.67,3,4,4,4,4,3,3
Man,40,71,100,100,81,81,100,100,91,70,59,30,70,20,81,70,80,100,100,9,20,19,19,99,72,80,60,70.67,2,3,3,3,2,4,5
Woman,58,70,51,89,75,50,87,84,56,91,79,86,21,81,28,82,84,27,47,85,81,78,82,34,79,55,59,64.33,3,5,2,3,3,2,4
Woman,42,45,15,47,22,40,52,44,71,43,78,75,67,71,57,77,75,73,14,12,15,43,39,73,58,74,65,65.67,3,3,3,1,5,3,4
Woman,64,91,0,62,NA,NA,91,NA,100,NA,100,99,NA,100,NA,82,100,NA,NA,1,NA,NA,NA,NA,99,100,100,99.67,5,1,3,1,4,2,5
Man,47,57,19,73,38,38,77,31,72,52,58,43,22,80,80,100,90,6,47,51,52,70,32,81,50,31,39,40.00,1,3,3,4,5,3,2
Man,29,91,77,99,41,88,100,71,100,100,87,68,35,100,90,86,83,11,61,64,94,100,70,23,100,67,74,80.33,4,3,4,1,5,2,4
Woman,27,80,0,72,94,71,16,83,65,40,65,6,53,24,28,63,50,86,94,60,60,41,40,20,50,20,22,30.67,2,2,3,2,4,3,2
Man,40,31,32,53,40,38,40,39,38,38,43,41,41,43,45,46,38,36,40,22,22,21,24,24,100,87,52,79.67,2,1,1,1,3,3,3
Woman,65,58,30,61,28,70,72,51,81,83,42,61,30,72,38,52,58,64,72,NA,NA,72,52,28,NA,NA,49,49.00,3,1,2,3,3,4,2
Woman,32,100,10,100,50,82,100,60,100,0,73,100,50,100,54,0,100,6,7,100,100,100,100,100,100,63,61,74.67,2,4,2,5,1,5,1
Woman,74,50,1,60,1,20,60,1,80,1,40,10,1,70,1,80,80,1,0,1,1,1,1,1,70,30,50,50.00,2,1,4,1,5,2,3
Woman,31,100,90,100,91,91,100,100,91,93,100,94,100,100,93,91,99,100,100,92,100,96,95,100,93,98,100,97.00,3,4,4,5,5,5,5
Woman,55,60,1,1,10,60,80,40,80,60,60,50,20,80,2,80,90,2,1,5,40,40,15,5,80,70,70,73.33,4,2,4,1,5,3,4
Man,20,56,35,69,78,70,30,100,31,100,0,20,0,0,20,49,40,80,52,100,70,50,50,30,59,72,76,69.00,3,3,2,4,2,4,3
Woman,30,61,11,48,70,51,72,59,75,50,70,61,25,55,31,84,80,19,18,18,20,49,33,9,75,68,72,71.67,4,3,4,2,3,2,2
Man,45,60,50,50,60,60,50,70,80,60,80,63,85,65,40,75,75,83,57,80,66,67,12,23,60,67,53,60.00,2,3,4,4,2,4,3
Man,34,65,50,50,85,15,43,87,46,75,24,24,90,51,89,51,47,80,100,60,97,93,93,88,31,40,36,35.67,2,4,1,4,2,3,2
Man,40,39,35,56,72,67,70,66,72,74,60,43,35,33,15,22,25,24,19,80,91,97,93,78,29,38,48,38.33,1,5,3,5,2,3,3
Woman,34,38,38,60,78,39,53,85,43,53,24,41,70,65,97,63,63,54,66,49,80,84,32,48,42,34,48,41.33,1,5,3,3,5,4,3
Woman,34,100,100,100,100,63,51,44,47,81,61,94,45,18,46,22,77,21,54,41,75,26,31,66,92,35,81,69.33,3,5,5,4,3,3,2
Woman,38,11,0,38,7,42,91,87,79,46,43,45,33,94,13,57,98,6,16,35,22,15,8,20,71,31,35,45.67,2,3,2,3,3,3,3
Woman,25,89,1,100,82,50,25,50,100,61,81,51,0,89,12,93,83,1,10,19,7,39,15,2,73,73,86,77.33,3,2,4,1,5,2,4
Woman,48,75,0,100,100,42,100,100,100,74,56,35,87,29,100,80,100,100,100,100,100,78,53,100,10,9,9,9.33,1,1,5,3,2,5,2
Man,78,62,32,32,24,31,77,21,68,62,73,56,20,62,23,31,71,13,13,5,5,10,6,17,82,88,90,86.67,2,1,5,1,4,1,5
Man,40,60,1,71,63,19,11,85,78,61,36,10,83,48,91,11,15,84,68,60,74,77,36,81,17,14,17,16.00,2,3,3,4,2,3,4
Woman,43,15,0,58,74,0,51,50,43,66,50,0,79,0,70,0,50,0,78,90,67,75,29,0,10,16,0,8.67,2,3,3,2,3,4,2
Woman,43,75,51,60,10,55,75,67,62,68,74,74,72,67,11,46,36,39,38,12,18,29,25,48,65,38,33,45.33,3,2,4,3,4,3,3
Man,42,55,52,37,41,29,68,46,54,55,74,48,34,30,66,37,29,30,36,91,60,50,53,43,47,34,41,40.67,2,3,2,3,4,2,1
Man,71,1,1,1,1,1,1,1,1,1,1,1,1,1,1,1,1,1,1,1,79,1,0,3,1,1,1,1.00,1,3,3,3,3,3,3
Man,54,60,60,81,50,19,91,71,71,79,71,70,60,70,39,72,70,19,81,19,19,72,50,9,70,81,82,77.67,3,4,3,4,4,4,3
Man,37,80,0,60,30,9,100,20,80,100,61,38,26,31,48,70,82,100,28,7,80,86,5,7,10,10,83,34.33,3,3,3,2,4,3,3
Man,31,50,20,80,70,80,30,60,50,50,70,40,30,30,40,50,40,70,80,90,90,100,80,100,30,30,10,23.33,2,4,2,3,3,4,4
Woman,51,60,7,5,78,11,3,89,3,73,6,5,81,20,86,82,22,94,96,34,22,94,96,93,14,8,2,8.00,1,5,1,3,1,4,3
Man,49,54,0,7,86,79,21,85,29,77,37,31,31,34,83,40,34,55,40,100,95,100,44,83,52,48,40,46.67,2,4,3,3,2,4,3
Woman,73,68,60,51,32,37,61,57,55,39,69,78,46,62,53,56,57,71,57,39,38,46,22,30,81,70,62,71.00,2,3,2,3,2,3,3
Man,43,81,11,58,52,56,72,34,59,54,60,52,43,52,53,55,62,8,28,21,46,55,6,19,51,42,51,48.00,3,3,3,3,3,3,1
Woman,37,100,7,89,72,0,20,84,60,70,68,100,41,65,52,100,70,73,60,61,65,68,63,100,57,58,63,59.33,2,5,3,5,2,2,3
Woman,50,95,0,50,60,100,20,40,70,31,80,50,50,30,50,90,50,70,75,98,90,25,65,99,13,25,10,16.00,1,1,5,5,1,4,2
Woman,63,30,10,10,41,40,0,30,20,20,10,20,50,40,30,50,50,50,50,50,50,20,10,30,10,30,11,17.00,1,3,4,2,3,3,2
Man,45,40,0,0,60,10,70,0,60,70,30,20,70,20,40,30,50,70,0,30,60,80,10,60,50,60,50,53.33,3,4,4,4,3,3,2
Woman,68,49,1,50,55,52,1,62,53,70,71,44,47,54,20,45,44,1,41,6,7,8,7,5,13,3,10,8.67,2,3,3,3,3,3,3
Woman,46,62,50,62,25,60,87,57,57,14,54,34,76,32,48,68,38,37,65,53,28,66,35,64,38,56,48,47.33,3,3,4,3,2,1,2
Woman,41,50,0,60,20,80,15,80,50,15,20,20,50,30,60,80,60,25,40,25,26,20,10,10,25,0,20,15.00,2,2,4,1,5,4,2
Woman,51,80,5,74,9,44,85,16,50,15,36,36,58,35,53,42,92,44,55,13,9,32,18,15,52,34,50,45.33,3,3,3,3,3,3,3
Woman,51,100,0,100,0,0,100,0,100,0,100,100,0,100,0,100,100,0,0,0,0,0,0,0,100,100,100,100.00,5,1,5,1,5,1,5
Woman,37,54,23,52,24,100,34,26,37,100,42,13,25,22,67,22,29,40,100,100,60,68,38,100,7,8,14,9.67,1,5,1,4,2,4,1
Woman,56,80,0,100,0,0,100,60,100,100,100,100,0,90,0,100,100,100,0,100,100,100,100,0,100,100,100,100.00,3,3,3,3,4,3,3
Woman,50,75,79,75,27,24,81,17,83,19,84,79,16,82,22,80,91,17,16,9,12,14,8,17,73,50,78,67.00,2,1,4,1,4,2,4
Man,45,65,5,31,59,83,90,80,43,15,18,32,28,48,63,52,20,90,27,78,89,74,20,28,16,20,13,16.33,1,4,2,4,2,4,2
Man,22,90,62,13,100,100,79,0,100,70,70,100,80,100,0,30,90,100,100,6,4,3,100,5,100,70,100,90.00,5,3,4,1,4,1,3
Woman,59,100,0,0,0,0,0,0,100,100,100,0,0,0,0,0,100,0,0,0,0,0,0,1,99,0,100,66.33,3,1,5,1,5,1,3
Man,46,66,45,75,67,87,93,68,58,50,79,92,49,62,40,47,69,18,59,82,93,86,60,18,60,90,30,60.00,2,2,2,4,2,4,4
Woman,40,17,7,100,30,45,5,71,43,73,67,5,68,23,51,6,10,22,72,81,86,68,22,50,9,9,8,8.67,2,3,2,5,3,4,3
Woman,59,76,1,88,3,4,50,2,97,2,100,100,3,100,3,2,100,1,2,4,4,2,58,0,100,100,86,95.33,4,1,4,1,4,1,4
Woman,51,52,0,47,44,75,100,22,49,6,41,24,83,57,82,15,53,0,38,100,27,0,10,4,39,18,18,25.00,4,2,3,2,3,2,3
Woman,60,50,18,100,47,100,100,51,100,100,48,100,29,100,61,48,100,72,100,56,43,43,78,78,42,52,38,44.00,3,3,3,3,2,3,3
Woman,49,51,38,50,39,50,48,62,61,81,49,52,55,51,46,48,50,46,50,89,55,80,51,48,58,61,60,59.67,2,3,3,3,3,3,3
Man,51,3,45,48,84,99,2,79,8,24,2,2,100,3,72,2,51,88,77,87,65,57,43,100,2,2,2,2.00,1,3,2,5,1,3,2
Woman,65,39,0,46,7,3,81,0,88,49,46,51,0,46,0,60,66,0,0,0,0,0,3,0,66,71,82,73.00,3,2,4,2,5,2,4
Woman,31,90,88,70,21,10,100,100,100,100,91,50,80,100,50,50,50,90,50,0,30,70,70,20,19,0,39,19.33,1,4,3,3,4,3,3
Woman,47,70,0,61,100,100,0,100,100,100,0,NA,2,80,100,100,99,50,100,50,100,100,50,80,50,0,2,17.33,3,3,3,3,3,3,3
Man,68,79,48,59,38,27,69,71,80,81,68,60,39,63,49,71,86,28,26,17,20,40,35,0,49,50,63,54.00,3,3,4,1,5,1,3
Man,42,62,12,81,91,73,76,63,66,6,73,67,77,62,42,77,55,16,66,8,18,22,13,44,70,84,75,76.33,3,3,4,2,3,3,3
Woman,30,37,1,100,8,100,0,100,100,100,10,51,0,66,100,100,100,8,100,100,100,100,100,100,8,3,3,4.67,2,5,1,1,3,5,1
Woman,55,70,10,10,0,0,10,0,80,60,50,51,1,40,1,51,92,1,1,20,20,20,20,20,50,50,50,50.00,3,1,5,1,3,2,4
Woman,50,19,64,100,100,100,16,100,66,72,24,21,92,17,49,31,54,47,54,85,100,100,100,81,47,24,22,31.00,1,5,3,5,5,4,3
Woman,45,77,0,69,41,26,59,25,73,74,73,45,45,72,46,52,79,0,30,62,40,67,0,38,61,50,47,52.67,3,2,3,1,3,1,4
Man,56,71,0,62,2,91,70,10,80,67,55,45,44,55,11,54,65,44,33,10,11,12,22,9,73,72,72,72.33,4,1,4,1,5,5,5
Woman,62,76,52,70,37,48,67,38,84,84,67,72,29,71,16,87,65,30,49,45,44,67,13,35,45,32,31,36.00,2,2,3,2,4,3,4
Man,48,81,NA,6,NA,1,100,NA,100,2,100,100,NA,100,NA,100,100,NA,NA,0,NA,NA,NA,NA,100,100,100,100.00,5,1,5,1,5,1,5
Woman,58,100,50,5,50,30,80,49,100,80,100,50,50,11,100,14,100,49,100,49,100,10,3,79,5,10,10,8.33,2,2,4,4,4,3,3
Man,71,95,24,91,19,93,86,25,87,22,87,91,17,56,16,100,97,8,16,11,9,9,8,11,99,95,96,96.67,4,1,5,1,5,1,4
Woman,63,51,1,92,1,1,92,8,81,19,61,91,8,71,10,92,81,1,2,3,1,30,5,0,92,90,96,92.67,5,1,4,1,5,2,4
Woman,50,61,40,50,52,55,50,53,52,55,59,58,63,62,59,62,55,53,53,57,59,58,59,59,49,66,64,59.67,2,2,4,4,5,4,3
Man,62,100,77,100,58,100,100,90,100,43,100,100,74,97,31,100,100,13,100,100,90,16,86,100,100,83,84,89.00,3,1,4,1,4,4,5
Man,18,52,9,69,58,86,0,48,21,63,45,34,48,89,35,76,24,93,46,94,69,100,44,66,46,62,40,49.33,4,5,2,4,2,5,1
Man,69,34,77,70,25,95,68,49,77,9,82,63,89,61,24,42,64,76,68,61,36,18,70,78,26,22,17,21.67,1,2,4,3,4,2,4
Man,50,51,73,46,68,39,48,89,40,78,87,43,68,34,82,34,40,40,45,82,85,87,82,33,20,26,29,25.00,1,4,2,4,2,3,2
Man,27,100,100,NA,100,100,100,100,100,NA,NA,100,100,100,NA,100,100,100,100,100,100,100,100,100,30,25,34,29.67,1,1,5,1,5,5,3
Woman,50,61,6,42,62,21,64,23,87,45,38,72,10,73,30,83,15,4,14,15,6,12,18,14,35,75,52,54.00,3,3,3,3,2,3,2
Woman,57,78,42,100,66,100,100,100,73,100,94,100,100,100,55,100,100,100,58,18,10,15,53,63,99,100,82,93.67,3,3,4,3,4,3,4
Woman,57,90,0,49,5,0,79,15,84,14,76,82,12,68,15,25,93,0,7,87,84,99,52,5,42,27,46,38.33,3,3,3,3,3,3,3
Woman,61,58,1,40,44,43,80,77,79,19,54,55,74,67,69,82,82,66,76,39,36,36,75,72,47,28,59,44.67,2,2,2,3,3,1,2
Woman,26,53,0,66,92,53,0,100,51,63,10,14,100,15,100,14,81,60,74,80,88,77,50,96,43,31,22,32.00,2,3,3,4,3,3,3
Man,51,100,11,91,50,83,100,61,100,40,100,100,50,100,81,100,100,20,41,50,51,52,50,31,100,72,62,78.00,3,4,3,3,5,5,5
Woman,56,51,3,52,50,71,81,70,74,83,85,3,2,41,48,65,82,3,51,89,94,91,5,93,100,29,78,69.00,2,1,4,2,4,3,5
Woman,56,50,0,0,9,0,51,0,50,71,100,33,0,0,0,0,72,0,0,0,0,0,21,0,100,100,100,100.00,3,1,4,1,2,1,4
Man,56,42,0,87,44,1,100,88,69,51,89,100,49,84,88,60,76,60,65,85,50,50,30,94,54,36,87,59.00,3,3,3,3,4,2,4
Man,61,51,59,64,70,77,32,70,59,76,47,24,86,26,88,50,61,49,68,77,75,86,76,80,30,25,21,25.33,1,4,2,4,3,4,2
Man,47,18,14,29,76,57,56,59,56,54,53,51,51,52,54,54,56,52,52,53,57,51,51,54,64,44,80,62.67,3,3,3,3,3,3,3
Man,63,100,55,83,100,100,100,100,100,100,72,80,70,100,47,68,82,0,51,8,8,10,8,8,100,81,90,90.33,4,1,2,3,3,3,3
Man,69,71,29,89,95,22,97,59,56,42,87,93,86,94,9,21,99,92,78,9,17,9,15,10,94,78,81,84.33,4,2,4,3,4,2,4
Man,22,89,20,100,25,90,100,15,91,9,50,40,9,80,40,80,100,100,10,5,10,11,29,7,100,4,100,68.00,3,2,4,2,2,3,4
Man,68,80,10,50,20,30,90,10,80,20,70,85,15,90,10,95,80,0,10,0,5,5,10,0,95,90,80,88.33,5,1,4,1,5,1,4
Woman,73,60,0,40,30,61,82,71,70,59,62,50,50,60,29,1,91,9,30,9,1,81,19,1,50,30,60,46.67,2,3,2,2,3,3,4
Man,35,74,89,49,29,0,75,59,73,63,65,68,73,69,25,75,83,75,17,4,16,21,9,13,68,60,68,65.33,2,3,4,3,3,2,4
Woman,52,74,20,70,69,92,4,87,23,49,12,12,89,60,97,52,37,9,86,91,87,89,10,90,8,2,2,4.00,1,3,3,4,2,4,1
Woman,51,81,62,79,71,80,80,90,41,75,67,50,53,75,58,62,43,73,72,67,81,82,57,80,44,31,42,39.00,2,3,2,4,2,3,2
Woman,47,72,23,64,13,14,71,11,70,36,82,58,68,83,8,66,81,7,3,6,3,23,5,5,66,55,72,64.33,4,1,5,1,5,2,4
Woman,66,90,7,66,58,11,92,5,11,NA,64,67,NA,100,NA,NA,75,NA,11,2,1,3,4,7,70,64,96,76.67,3,3,4,3,2,3,3
Woman,63,60,28,70,35,40,71,59,54,69,50,51,27,47,21,57,80,60,67,60,53,47,30,41,50,35,19,34.67,2,3,3,2,4,2,3
Woman,59,78,0,70,35,8,100,50,80,58,52,77,41,96,69,100,80,11,49,81,63,100,82,59,56,16,40,37.33,3,3,4,2,4,2,3
Man,46,87,6,81,76,100,100,70,86,90,81,33,16,76,87,64,52,81,52,89,87,65,15,23,71,76,81,76.00,4,3,3,5,3,5,4
Woman,71,2,2,96,0,12,69,2,60,0,31,71,0,27,0,44,55,0,45,2,3,1,18,41,38,30,64,44.00,3,2,4,1,5,3,4
Woman,47,50,65,80,89,10,50,100,80,85,50,50,100,10,50,76,75,6,80,100,83,78,85,97,8,8,9,8.33,1,3,4,3,4,4,3
Woman,31,24,75,70,24,50,100,100,92,57,69,77,13,100,52,84,99,4,50,24,5,0,51,35,93,31,87,70.33,4,4,4,1,1,2,3
Woman,50,70,0,100,60,50,60,90,70,80,80,50,70,50,90,50,40,8,70,70,70,70,60,50,40,40,40,40.00,1,1,3,4,3,3,3
Woman,46,27,0,42,89,17,92,2,2,50,61,29,26,14,62,53,71,100,46,61,11,85,6,41,39,32,20,30.33,2,3,2,1,3,3,3
Man,64,89,12,45,11,11,89,4,48,22,70,76,27,77,3,65,73,10,9,0,0,11,6,0,86,87,89,87.33,5,2,2,2,4,3,3
Woman,53,56,0,100,9,75,92,65,92,100,100,8,100,92,100,92,51,100,100,100,95,100,100,99,0,13,4,5.67,2,4,1,4,3,4,1
Woman,48,89,15,13,6,8,90,2,97,32,100,92,1,100,2,56,100,2,0,2,2,9,1,2,100,100,87,95.67,4,1,5,3,4,1,5
Man,64,80,80,80,80,80,50,80,50,40,40,20,80,40,80,80,50,80,40,80,80,80,80,80,20,51,20,30.33,1,3,2,4,1,4,4
Woman,69,8,2,47,97,94,8,8,52,3,6,77,100,3,95,98,94,83,5,5,7,7,4,100,2,2,2,2.00,1,1,5,5,1,5,2
Woman,49,63,11,58,33,27,81,57,42,80,39,69,31,69,72,49,53,64,41,31,31,30,4,9,87,52,63,67.33,1,2,4,2,5,2,4
Woman,50,50,1,32,9,53,71,41,35,27,74,16,0,52,14,17,58,0,0,0,0,26,0,11,14,17,14,15.00,1,2,3,1,3,1,4
Woman,56,72,2,52,2,38,86,61,54,55,66,54,49,54,59,47,50,51,55,58,54,58,57,54,54,49,61,54.67,3,3,4,3,4,3,3
Woman,75,93,19,83,11,10,81,90,90,36,84,97,88,79,73,60,94,66,81,51,58,62,93,78,79,64,58,67.00,2,3,4,2,4,2,4
Woman,28,35,80,79,81,55,82,66,68,79,78,69,72,69,72,53,76,74,73,49,69,74,75,77,70,71,72,71.00,4,3,4,4,4,4,4
Woman,48,87,0,89,63,57,24,1,89,11,82,77,31,17,0,88,91,9,8,9,8,28,15,31,0,0,14,4.67,1,1,5,1,4,2,3
Man,59,89,13,63,21,19,92,26,92,33,86,91,22,92,20,96,93,4,13,8,5,8,7,6,84,86,96,88.67,4,1,5,1,5,1,4
Man,49,93,2,40,78,25,100,53,100,90,100,66,4,95,2,100,85,70,90,100,90,80,73,61,65,75,63,67.67,3,3,5,5,2,3,4
Man,47,75,50,50,100,60,80,100,80,100,70,70,58,70,85,20,50,100,75,10,20,20,40,50,15,33,33,27.00,1,3,5,4,2,3,3
Man,NA,30,13,30,71,50,29,66,79,40,53,78,41,77,20,80,69,100,18,0,5,14,4,0,60,68,72,66.67,3,1,4,1,5,1,5
Woman,58,100,3,100,3,3,100,3,100,100,100,100,3,100,100,3,98,3,100,100,100,100,100,96,3,3,3,3.00,1,5,1,5,1,5,2
Woman,56,81,80,80,9,1,87,8,82,93,56,11,1,96,11,86,82,4,77,5,6,56,57,53,70,71,73,71.33,3,2,4,2,4,2,4
Man,56,54,11,77,60,46,94,90,63,83,24,60,42,37,64,50,67,12,78,64,66,37,46,88,51,37,39,42.33,2,1,4,3,4,4,2
Woman,65,100,0,100,0,0,60,0,100,0,100,0,0,0,0,70,70,10,0,0,0,0,1,0,100,100,100,100.00,4,1,5,1,5,1,5
Woman,76,53,69,59,52,100,82,50,50,68,54,69,46,53,58,57,63,59,58,24,75,99,35,74,59,61,56,58.67,2,3,3,2,2,3,3
Man,61,89,2,96,69,17,27,77,37,0,67,18,60,2,60,0,75,2,73,91,83,81,20,100,8,16,78,34.00,1,4,3,5,1,3,2
Woman,68,81,0,70,0,2,27,38,76,2,68,89,29,69,2,89,89,0,2,9,0,12,27,9,59,49,79,62.33,2,1,5,2,5,3,5
Woman,64,27,17,59,43,36,80,49,85,39,47,53,47,49,45,42,78,47,53,46,41,32,47,49,59,65,69,64.33,4,2,4,3,3,3,3
Man,78,1,0,1,1,1,60,0,0,0,0,0,0,73,0,0,71,0,0,0,0,0,0,0,71,78,81,76.67,4,1,5,1,5,1,4
Man,50,82,0,84,6,6,80,5,82,15,75,65,1,64,6,50,50,0,1,0,1,3,2,4,75,76,78,76.33,5,1,5,1,3,1,4
Man,62,50,100,82,17,58,40,80,39,50,91,41,55,58,29,60,72,71,30,9,10,11,15,10,76,59,58,64.33,3,1,4,2,3,3,3
Man,75,29,42,74,70,51,83,38,66,74,58,63,86,45,28,36,51,52,49,75,77,63,53,61,41,26,43,36.67,2,3,2,4,2,4,2
Man,74,30,0,4,5,15,22,2,72,50,71,65,2,50,3,75,70,3,1,60,8,6,3,79,78,83,68,76.33,2,4,4,1,4,3,5
Woman,50,62,70,62,45,22,75,41,45,97,56,85,28,89,85,86,100,17,24,15,17,72,24,19,89,79,95,87.67,4,2,4,2,4,2,4
Man,76,70,61,50,17,61,80,40,71,87,92,81,21,61,11,20,71,59,62,71,50,40,46,61,59,21,40,40.00,3,2,3,4,3,3,4
Man,72,51,3,5,8,4,18,19,30,19,50,7,7,73,3,52,52,72,8,9,9,2,9,10,30,9,9,16.00,2,1,5,1,3,1,3
Man,64,100,0,89,5,7,76,13,100,6,100,70,5,100,6,6,54,7,7,27,31,18,15,11,55,28,77,53.33,1,1,5,3,2,1,5
Woman,65,50,1,49,70,50,62,39,71,91,50,50,39,59,2,99,91,50,20,50,50,70,21,51,30,29,50,36.33,2,3,4,3,2,4,3
Woman,69,3,0,46,68,56,79,36,46,70,80,38,38,24,81,51,85,6,14,50,77,56,51,26,13,13,28,18.00,1,2,5,2,4,2,3
Man,65,63,70,71,82,51,100,68,67,33,46,42,47,34,50,64,57,61,29,100,73,100,65,17,10,7,11,9.33,1,1,1,1,2,3,3
Woman,65,71,2,40,1,1,80,1,80,40,100,80,1,81,1,1,91,0,0,0,0,9,6,0,81,100,100,93.67,5,2,4,1,4,2,4
Man,79,100,90,79,2,12,100,55,89,84,94,97,14,77,56,84,59,100,71,9,11,11,10,11,52,100,51,67.67,3,1,5,2,4,2,3
Woman,62,58,8,88,27,50,78,73,67,47,55,65,66,88,49,55,80,8,37,61,68,86,33,49,60,23,85,56.00,3,3,3,4,2,2,3
Man,65,50,0,52,0,0,51,0,50,0,100,50,0,0,0,0,0,0,0,0,0,46,9,0,81,69,77,75.67,3,1,5,1,5,1,5
Woman,67,30,7,89,88,55,16,14,12,6,NA,NA,82,63,89,34,20,NA,93,97,97,73,70,8,2,10,6,6.00,1,3,3,4,3,2,2
Woman,70,60,7,28,16,24,46,14,59,13,76,30,11,31,14,52,77,8,21,41,17,10,9,34,66,70,50,62.00,2,3,4,2,4,3,3
Man,71,40,3,15,76,43,83,16,58,22,44,72,34,45,32,41,62,11,44,52,53,45,22,51,29,32,31,30.67,2,2,2,3,3,3,3
Woman,70,91,40,82,20,44,93,62,84,20,61,74,42,93,21,72,94,20,10,30,12,14,42,22,90,92,93,91.67,4,1,5,1,5,3,4
Woman,66,50,60,60,50,30,60,40,80,20,30,30,40,30,10,20,10,30,10,21,30,20,10,10,40,50,40,43.33,3,2,2,3,4,2,3
Man,73,80,2,19,2,1,2,1,83,1,90,100,1,100,2,1,90,1,1,1,1,1,29,1,100,100,100,100.00,4,2,5,1,4,1,5
Woman,66,100,1,99,1,5,100,63,99,99,71,98,3,98,1,99,99,9,50,2,21,51,31,82,60,61,91,70.67,5,4,2,1,3,3,5
Woman,69,68,0,59,46,2,64,70,53,1,40,82,65,65,4,6,67,0,1,0,0,5,0,63,25,24,26,25.00,2,1,4,3,4,3,3
Woman,79,61,NA,90,NA,7,NA,NA,90,49,81,12,8,17,5,96,86,NA,100,36,5,4,3,50,88,66,74,76.00,4,1,5,1,3,1,4
Man,65,40,4,40,30,60,70,65,60,10,50,35,35,50,20,65,60,0,25,20,5,15,10,15,50,65,60,58.33,3,2,4,1,4,2,4
Woman,67,100,0,100,0,0,50,0,50,0,100,50,0,50,0,100,100,0,0,0,0,19,0,0,50,50,50,50.00,3,1,5,1,5,2,4
Man,82,1,0,0,0,50,80,10,50,50,80,50,10,75,1,100,50,8,49,0,0,20,50,0,75,90,75,80.00,2,4,2,2,4,3,4
Woman,73,100,0,0,0,50,100,0,100,0,100,100,0,100,0,100,100,0,0,0,0,17,50,0,100,100,100,100.00,3,1,5,2,4,1,5
Man,72,81,6,72,14,52,94,10,81,51,68,69,39,79,12,81,80,6,32,8,10,10,12,14,62,83,79,74.67,4,1,5,2,4,1,4
Woman,65,100,10,70,3,10,81,18,57,16,34,39,7,69,30,34,17,4,4,1,1,1,9,1,82,89,91,87.33,3,1,5,1,5,1,4
Woman,65,71,40,40,40,61,82,61,40,82,60,51,71,40,81,40,41,71,72,51,40,41,29,81,40,61,29,43.33,4,3,2,3,3,2,4
Woman,77,40,4,50,39,61,71,50,71,82,49,61,39,61,81,50,71,71,50,80,72,82,71,50,39,29,38,35.33,3,2,2,3,3,2,4
Man,76,10,0,1,1,1,70,1,51,0,100,51,1,51,0,9,50,0,0,0,3,10,0,0,50,50,62,54.00,2,2,4,1,4,2,3
Man,69,77,1,50,73,39,77,20,82,50,70,75,14,62,4,91,79,16,3,3,5,50,50,2,81,76,79,78.67,3,3,4,3,4,2,4
Woman,73,81,1,39,39,91,50,1,50,50,50,49,19,19,51,39,60,1,2,2,1,3,28,2,41,60,60,53.67,3,3,4,3,3,2,4
Woman,66,84,21,25,21,12,92,46,80,81,53,53,66,73,21,71,95,31,49,NA,NA,5,NA,NA,90,91,93,91.33,3,2,4,1,4,2,4
Woman,76,9,1,47,9,27,52,22,35,10,24,20,8,34,24,12,72,9,60,30,31,43,33,42,32,10,23,21.67,1,2,4,3,3,3,3
Woman,72,82,1,91,1,92,92,1,100,8,81,99,1,100,1,100,100,1,100,50,30,1,1,1,71,71,81,74.33,3,3,3,3,4,2,4
Woman,65,100,10,100,0,0,50,0,70,0,80,100,0,70,0,70,70,0,0,0,0,0,0,0,100,100,100,100.00,4,1,5,1,5,1,5
Woman,73,6,7,59,2,81,29,9,54,16,79,81,11,26,11,54,88,10,59,50,13,13,13,11,86,88,73,82.33,2,2,2,2,4,3,4
Woman,73,0,0,50,0,99,0,0,51,0,50,0,0,49,0,49,49,0,0,51,0,0,0,100,0,0,0,0.00,2,1,5,1,3,1,5
Woman,67,50,0,81,0,20,81,9,82,1,92,51,20,50,1,50,82,1,1,0,0,0,0,0,71,72,73,72.00,3,2,5,1,4,1,4
Woman,66,65,3,100,9,10,25,9,30,92,26,29,9,16,24,88,100,32,47,20,20,53,36,18,12,15,23,16.67,1,3,3,4,3,3,3
Woman,78,79,9,37,0,0,83,7,65,29,66,63,4,62,0,25,56,0,6,5,0,23,8,6,67,63,67,65.67,2,2,4,1,4,1,4
Woman,75,22,12,55,27,64,50,25,59,69,37,41,15,43,14,24,62,25,53,13,24,40,37,29,65,67,70,67.33,2,2,4,1,3,1,4
Woman,68,34,2,21,45,20,12,8,20,2,39,17,36,19,17,35,10,23,8,3,7,7,3,7,5,5,12,7.33,2,2,4,2,4,3,3
Man,28,33,40,13,61,41,17,25,NA,69,20,41,10,12,54,64,23,13,16,65,41,35,60,22,74,27,63,54.67,2,3,3,4,1,2,5
Man,39,96,22,49,0,68,63,81,0,100,53,69,7,55,69,0,1,23,18,71,78,60,1,100,54,0,0,18.00,1,3,4,4,2,4,4
Woman,42,80,71,85,94,51,24,81,33,93,93,62,94,33,53,31,49,93,55,87,96,93,64,98,51,31,38,40.00,1,4,4,3,2,3,4
Man,64,91,18,80,2,3,82,5,94,98,99,95,2,96,2,48,100,3,3,1,1,1,1,39,51,51,89,63.67,2,1,5,1,5,1,5
Woman,56,67,91,51,83,81,12,88,21,76,21,16,80,65,74,16,63,1,0,94,91,93,72,100,18,17,21,18.67,2,5,3,3,1,4,4
Woman,37,69,100,100,100,100,100,18,100,100,100,8,100,69,100,100,2,74,5,100,15,90,66,71,14,9,12,11.67,1,5,1,3,3,3,2
Man,35,50,25,30,70,80,83,60,75,40,50,30,40,80,30,90,90,25,30,15,5,5,5,25,84,77,78,79.67,4,2,5,1,3,3,2
Man,64,22,17,NA,NA,NA,17,21,8,12,7,2,3,NA,NA,NA,NA,NA,NA,13,12,13,8,9,NA,NA,NA,NA,2,2,2,2,3,2,2
Man,66,21,0,0,39,81,72,2,1,61,40,9,19,29,15,62,80,21,22,0,59,20,8,0,0,70,29,33.00,1,3,4,2,4,2,3
Woman,75,7,2,2,10,10,10,3,0,33,25,20,8,10,6,7,44,7,11,2,5,0,15,3,65,37,36,46.00,2,2,4,3,3,1,3
Woman,56,92,3,28,2,2,62,8,63,1,92,1,11,93,3,49,85,9,8,9,4,6,4,26,39,66,65,56.67,5,1,5,1,5,1,5
Man,69,76,5,46,84,77,29,3,89,51,73,77,13,48,6,66,79,54,6,25,5,41,7,3,26,12,61,33.00,1,2,4,1,5,1,4
Woman,58,25,8,58,6,13,100,76,61,37,33,68,14,83,10,48,56,9,90,88,87,76,91,57,62,67,73,67.33,3,2,3,3,4,2,3
Woman,78,50,2,6,1,9,70,49,82,71,80,80,20,61,59,61,61,27,8,1,2,9,30,3,82,71,71,74.67,4,3,4,2,4,2,4
Woman,71,25,90,100,100,100,10,100,19,86,93,9,100,19,12,13,11,9,100,100,100,100,46,100,16,13,5,11.33,1,4,2,5,3,5,1
Man,65,20,3,92,11,7,17,1,83,23,61,66,2,90,11,82,79,68,8,3,1,1,10,3,83,83,82,82.67,3,1,5,1,5,1,5
Woman,81,100,1,71,1,9,71,10,92,1,100,19,5,81,2,100,100,0,92,0,0,3,0,0,90,81,81,84.00,3,1,5,1,5,1,3
Woman,68,50,50,50,84,81,18,86,68,21,61,17,82,86,53,39,30,82,79,76,75,74,77,44,26,26,26,26.00,2,4,3,3,4,4,2
Man,68,80,2,46,70,2,100,51,83,2,2,48,2,49,2,50,69,100,67,2,2,2,2,72,81,71,76,76.00,3,1,4,1,4,1,4
Woman,69,71,52,39,4,3,20,7,2,4,100,95,2,100,2,2,92,7,7,9,34,35,2,4,14,8,35,19.00,3,3,4,1,5,3,4
Woman,70,100,NA,NA,NA,NA,89,NA,100,21,81,100,NA,100,NA,NA,100,NA,NA,0,0,0,0,0,45,0,49,31.33,3,2,5,1,5,1,4
Man,NA,100,0,0,100,0,73,0,100,100,100,100,0,100,0,100,100,0,0,0,0,0,NA,NA,100,100,100,100.00,2,1,5,1,5,1,5
Man,69,70,0,20,39,82,61,8,92,1,88,72,1,83,5,49,70,27,7,1,1,10,3,5,60,71,81,70.67,2,1,5,1,4,2,4
Man,65,100,100,100,34,16,88,13,84,92,56,83,16,79,28,52,45,71,24,0,0,19,0,0,93,90,89,90.67,5,2,4,1,5,2,4
Woman,65,70,0,50,0,0,50,0,70,0,40,50,0,40,0,60,60,0,0,0,0,0,2,0,60,60,70,63.33,4,3,5,1,5,1,5
Man,67,85,5,42,17,18,63,26,39,32,32,84,12,96,8,95,82,11,76,69,7,7,18,25,50,49,34,44.33,2,1,4,1,4,1,4
Man,67,50,9,20,31,69,62,50,72,72,70,39,61,40,61,30,41,81,62,72,72,82,51,51,20,10,20,16.67,1,2,3,3,4,3,2
Woman,67,50,52,33,24,29,72,11,73,70,35,31,78,63,15,13,87,59,34,86,11,8,16,23,60,27,31,39.33,2,3,2,4,3,4,3
Woman,73,81,0,62,29,41,92,30,92,61,72,50,30,90,18,9,80,10,9,1,1,61,9,8,51,51,41,47.67,2,4,3,4,3,3,4
Woman,76,49,91,39,10,29,92,58,51,51,63,61,57,56,50,29,70,51,81,50,27,29,28,72,51,41,37,43.00,3,3,4,2,3,3,3
Man,80,90,9,86,2,54,96,18,85,35,87,90,13,83,9,79,96,35,13,0,6,7,8,1,55,36,41,44.00,1,2,4,1,5,2,4
Woman,67,80,10,90,51,11,52,40,82,8,69,63,25,42,32,23,83,5,10,35,9,47,24,38,30,10,16,18.67,2,3,3,2,3,3,3
Man,72,41,62,20,51,40,72,20,71,21,71,50,51,62,10,60,60,41,51,21,0,10,8,31,51,62,63,58.67,3,1,5,3,2,3,3
Woman,72,91,1,81,70,19,100,30,61,10,51,76,29,51,29,50,81,50,30,30,9,9,19,9,67,66,66,66.33,3,2,5,4,2,2,5
Man,65,92,82,70,60,89,80,1,82,82,71,81,3,80,11,71,71,70,7,1,1,1,1,100,91,92,92,91.67,5,1,4,1,5,1,5
Woman,69,82,0,100,0,0,29,0,81,9,100,50,9,40,0,19,92,0,0,61,0,19,9,9,29,49,19,32.33,2,3,4,1,4,1,5
Man,69,91,20,71,7,51,98,40,81,29,91,81,10,91,10,20,80,10,71,18,21,3,10,19,83,71,74,76.00,4,2,4,4,3,4,3
Man,68,62,72,60,18,51,29,42,51,81,59,29,61,29,61,61,29,71,61,91,91,70,51,19,20,19,18,19.00,3,4,2,3,5,4,3
Man,44,51,9,32,42,26,77,59,18,38,40,13,37,15,100,59,17,75,93,68,67,90,44,13,15,9,8,10.67,2,4,1,3,3,3,2
Man,66,20,0,70,0,50,80,0,80,0,100,30,0,100,0,0,70,0,0,0,0,0,20,0,90,90,100,93.33,3,1,4,1,5,1,5
Man,69,82,2,29,10,30,100,40,40,14,49,32,9,40,0,22,19,1,5,51,71,71,4,3,52,31,52,45.00,3,1,5,2,4,2,2
Man,42,20,100,67,89,79,40,87,43,85,32,32,75,31,89,41,32,90,75,50,59,64,70,60,20,40,40,33.33,2,4,2,4,2,2,2
Woman,64,80,0,100,29,20,89,77,85,89,51,52,90,50,52,89,91,62,17,2,73,74,16,2,50,30,39,39.67,3,3,3,2,4,2,4